id,dt,num_RV,num_samples,MCMC,unimodal
2075871150015814784,1.8842592592592593,3,256,0,0
2075871253098189440,0.9890162037037038,3,256,0,0
2075871257401905280,1.8842592592592593,3,256,0,0
2075871532279882368,0.9890162037037038,3,256,0,0
2075871807157785856,1.8842592592592593,3,256,0,0
2075872356913627520,1.8842592592592593,3,256,0,0
2075872941029111552,0.10393518518518519,7,3,0,0
2075873284626528640,1185.829826388889,3,256,0,0
2075873387705752064,1.8842592592592593,3,256,0,0
2075873525144721536,0.10393518518518519,6,256,0,0
2075874074900400896,139.9059259259259,3,256,0,0
2075874246699122816,0.9890162037037038,3,256,0,0
2075874418497944704,0.10393518518518519,7,256,0,0
2075874452857533184,0.10393518518518519,7,126,0,0
2075874482910553856,0.10393518518518519,7,256,0,0
2075875071332796928,179.69540509259258,3,256,0,0
2075875307544319616,0.10393518518518519,5,256,0,0
2075875311850991488,174.7158912037037,3,256,0,0
2075875552369147904,136.68616898148147,3,256,0,0
2075875586728894208,0.9890162037037038,5,256,0,0
2075875655448388736,142.86739583333335,3,256,0,0
2075875655448389120,0.10393518518518519,6,256,0,0
2075875655448396160,173.69046296296295,4,256,0,0
2075875685501488896,136.68616898148147,3,256,0,0
2075875758527633536,0.9890162037037038,3,256,0,0
2075875827247111552,138.8432523148148,3,256,0,0
2075875999045835136,143.8386111111111,3,256,0,0
2075876136484763904,0.10393518518518519,7,256,0,0
2075876170844515840,0.10393518518518519,7,69,0,0
2075876411362723328,0.9890162037037038,4,256,0,0
2075876445722470784,0.10393518518518519,6,256,0,0
2075876583157943808,139.9059259259259,3,256,0,0
2075876583161403392,0.10393518518518519,7,256,0,0
2075876617521142016,136.68616898148147,3,256,0,0
2075876651880868224,138.7304050925926,3,256,0,0
2075876754960126208,137.71159722222222,3,256,0,0
2075876961118480512,135.68576388888889,3,256,0,0
2075877064197704064,0.10393518518518519,6,2,0,0
2075877098557450112,142.89541666666668,3,256,0,0
2075877373435347072,139.70162037037036,3,256,0,0
2075877373435348096,0.8850810185185185,5,256,0,0
2075877373435354240,0.10393518518518519,6,256,0,0
2075877613953561856,0.10393518518518519,7,67,0,0
2075877644004670464,0.10393518518518519,7,163,0,0
2075877648313310848,138.8432523148148,4,256,0,0
2075877648313315456,136.89047453703705,3,256,0,0
2075877678366383744,0.10393518518518519,6,256,0,0
2075877712724148224,142.89541666666668,3,256,0,0
2075877751392481792,0.10393518518518519,7,256,0,0
2075877781443623808,0.9890162037037038,4,256,0,0
2075877785752234752,173.69046296296295,3,256,0,0
2075877854471733504,143.8386111111111,3,256,0,0
2075877888831466112,142.80395833333333,3,256,0,0
2075877923191210880,0.10393518518518519,5,256,0,0
2076054910201497216,0.10393518518518519,6,256,0,0
2076055666115742208,0.9890162037037038,3,256,0,0
2076055769194968064,1.8842592592592593,4,256,0,0
2076056318950838656,1115.9252314814814,3,256,0,0
2076056353310544640,0.10393518518518519,7,3,0,0
2076056662548254080,137.82444444444445,3,256,0,0
2076056868706703744,0.9890162037037038,4,256,0,0
2076056868706707712,135.89006944444444,3,256,0,0
2076057040505379200,142.89541666666668,3,256,0,0
2076057139278663936,138.7304050925926,3,256,0,0
2076057212304006528,0.10393518518518519,7,256,0,0
2076057418462456704,139.70162037037036,3,256,0,0
2076057624620888192,1185.829826388889,3,256,0,0
2076057693340350720,135.68576388888889,3,256,0,0
2076057899498842496,139.70162037037036,3,256,0,0
2076058140016994688,0.10393518518518519,6,4,0,0
2076060682637579392,0.10393518518518519,6,256,0,0
2076060957515467008,139.8144675925926,3,256,0,0
2076060991875219456,0.9890162037037038,3,256,0,0
2076061369832357888,142.86739583333335,3,256,0,0
2076061404192109696,1.8842592592592593,4,256,0,0
2076061472911617024,142.86739583333335,3,256,0,0
2076061743483986432,139.9059259259259,3,256,0,0
2076061988307619712,136.68616898148147,3,256,0,0
2076062125746594304,0.10393518518518519,6,256,0,0
2076062194466071168,1.8842592592592593,4,256,0,0
2076062744221979008,137.71159722222222,3,256,0,0
2076062881661231232,138.93471064814815,3,256,0,0
2076063122179130624,0.10393518518518519,7,256,0,0
2076063152230925312,136.7990162037037,3,256,0,0
2076063156538853632,0.10393518518518519,7,256,0,0
2076063328337585024,140.82315972222221,3,256,0,0
2076063362697328256,0.10393518518518519,7,256,0,0
2076063465776549632,0.10393518518518519,6,256,0,0
2076063568855737728,0.10393518518518519,7,256,0,0
2076063603215485184,135.79861111111111,3,256,0,0
2076063740654455680,0.10393518518518519,8,256,0,0
2076063946812842880,135.89006944444444,3,256,0,0
2076064015532315392,0.10393518518518519,7,256,0,0
2076064084251764096,136.68616898148147,3,256,0,0
2076064084251768064,0.10393518518518519,6,256,0,0
2076064668367353728,135.68576388888889,3,256,0,0
2076064737086848000,136.89047453703705,3,256,0,0
2076064874525839744,0.10393518518518519,6,256,0,0
2076064908885584768,139.9059259259259,3,256,0,0
2076065080684284288,0.10393518518518519,7,256,0,0
2076065183763486464,0.10393518518518519,7,256,0,0
2076065218123214208,139.70162037037036,3,256,0,0
2076065419973653632,138.8432523148148,3,256,0,0
2076065424281683584,135.89006944444444,3,256,0,0
2076065458641430528,0.10393518518518519,7,256,0,0
2076065561720652160,0.10393518518518519,7,256,0,0
2076065699159591296,135.68576388888889,3,256,0,0
2076065836598553728,0.10393518518518519,7,0,1,1
2076065974037663232,0.9890162037037038,3,256,0,0
2076066145836177408,146.82810185185184,4,256,0,0
2076066180195900160,146.82810185185184,3,256,0,0
2076066180198015744,0.10393518518518519,5,256,0,0
2076066248915354368,135.68576388888889,3,256,0,0
2076066420714081664,0.10393518518518519,6,256,0,0
2076066489433553920,174.7158912037037,3,256,0,0
2076066828726173952,0.9890162037037038,6,256,0,0
2076066901752525440,135.68576388888889,3,256,0,0
2076067176628208768,0.10393518518518519,6,256,0,0
2076067623304851456,0.10393518518518519,6,256,0,0
2076067760743816576,135.68576388888889,3,256,0,0
2076067760743817472,135.79861111111111,3,256,0,0
2076067760743820032,139.9059259259259,3,256,0,0
2076067932542496000,0.10393518518518519,7,0,1,1
2076067932542498560,138.7304050925926,3,256,0,0
2076068035621721728,1.8842592592592593,5,256,0,0
2076068173060601600,139.9059259259259,3,256,0,0
2076068271834837248,0.9890162037037038,3,256,0,0
2076068310499578496,138.93471064814815,3,256,0,0
2076068413570181632,146.82810185185184,3,256,0,0
2076068860255440640,0.10393518518518519,5,256,0,0
2076068890310424960,138.8432523148148,3,256,0,0
2076068894615192832,135.68576388888889,3,256,0,0
2076069032054110208,0.10393518518518519,8,256,0,0
2076069062109136000,137.82444444444445,3,256,0,0
2076069066413835648,0.10393518518518519,5,256,0,0
2076069513090518016,142.80395833333333,3,256,0,0
2076069543142253056,0.8850810185185185,6,256,0,0
2076069616169707776,139.70162037037036,3,256,0,0
2076069994126891520,136.89047453703705,3,256,0,0
2076070131565828480,0.10393518518518519,7,256,0,0
2076070440803424384,138.93471064814815,3,256,0,0
2076070715681319936,142.89541666666668,3,256,0,0
2076070848816028800,0.10393518518518519,7,256,0,0
2076070887480044544,137.91590277777777,3,256,0,0
2076071059278765184,0.10393518518518519,7,256,0,0
2076071093638513536,0.10393518518518519,7,256,0,0
2076071127998239488,137.82444444444445,3,256,0,0
2076071368516604160,0.10393518518518519,6,256,0,0
2076073808057604992,142.86739583333335,3,256,0,0
2076074220374495104,174.7158912037037,3,256,0,0
2076074387874312064,0.10393518518518519,6,256,0,0
2076074460892691200,135.68576388888889,3,256,0,0
2076074701401939328,0.10393518518518519,6,256,0,0
2076080302048246912,137.91590277777777,3,256,0,0
2076080370767715456,0.10393518518518519,7,256,0,0
2076080572621563520,136.68616898148147,3,256,0,0
2076080817444353920,136.89047453703705,3,256,0,0
2076080954883329536,136.7990162037037,3,256,0,0
2076081092322249216,135.79861111111111,3,256,0,0
2076081264121193984,1.8842592592592593,4,256,0,0
2076082775942073984,173.69046296296295,3,256,0,0
2076083188266601472,175.7346990740741,3,256,0,0
2080059640783332096,295.1731828703704,3,256,0,0
2080061393129929088,0.9923958333333334,5,256,0,0
2080062630080516864,4.966724537037037,4,256,0,0
2080062973677923840,0.9923958333333334,7,253,0,0
2080063179836362880,1149.8792592592592,3,256,0,0
2080063317275335168,289.1638888888889,3,256,0,0
2080063729592203392,28.93783564814815,4,256,0,0
2080064206327319552,1152.8846527777778,3,256,0,0
2080064485506449152,30.976712962962964,3,256,0,0
2080064515564300160,728.9856944444444,4,256,0,0
2080064588585669632,320.14060185185184,3,256,0,0
2080064653004009088,0.9923958333333334,6,256,0,0
2080064657305128832,33.87524305555556,4,256,0,0
2080064726025932800,26.009988425925926,3,256,0,0
2080084654674211456,770.0000231481481,3,256,0,0
2080085582385980288,1.00875,5,256,0,0
2080086338300219136,289.1638888888889,4,256,0,0
2080086338300220032,1152.8846527777778,3,256,0,0
2080086716257347328,361.1050231481481,3,256,0,0
2080087884488379776,33.87524305555556,3,256,0,0
2080088331164882560,1.00875,6,256,0,0
2080088395582464128,35.029467592592596,3,256,0,0
2080089258877964288,770.0000231481481,3,256,0,0
2080089396316882688,1.00875,4,256,0,0
2080089396316887424,382.9371990740741,3,256,0,0
2080089598179046016,1.00875,5,256,0,0
2080089705554570368,760.9689467592592,3,256,0,0
2080089877353287040,595.0439004629629,4,256,0,0
2080090220950601856,35.029467592592596,3,256,0,0
2080090289670075264,0.9923958333333334,6,256,0,0
2080090461468747904,83.06648148148147,5,171,0,0
2080090770706463360,27.001469907407408,3,256,0,0
2080091079944085632,35.029467592592596,3,256,0,0
2080092179455846400,289.1638888888889,3,256,0,0
2080092312592633216,92.39806712962962,3,256,0,0
2080092381313086976,567.2116782407408,3,256,0,0
2080092901011453568,33.87524305555556,4,256,0,0
2080095924667289216,27.001469907407408,6,19,0,0
2080096268264701184,33.87524305555556,4,256,0,0
2080096336984170752,295.1731828703704,3,256,0,0
2080096474423150464,38.99476851851852,3,256,0,0
2080097058538601088,1.00875,7,256,0,0
2080097191676689536,1.00875,3,256,0,0
2080097260396182016,1.00875,5,256,0,0
2080097573934764416,26.009988425925926,3,256,0,0
2080098119389671168,27.001469907407408,4,256,0,0
2080098123690634112,0.9923958333333334,6,256,0,0
2080099120123024896,27.001469907407408,8,0,1,1
2080099120123025024,1120.004201388889,3,256,0,0
2080099154482771200,0.9923958333333334,7,187,0,0
2080099635519245184,24.967418981481483,3,256,0,0
2080099738598460800,23.92996527777778,3,256,0,0
2080099807317935232,24.97253472222222,3,256,0,0
2080099979116631808,0.9898842592592593,4,256,0,0
2080471510966477312,289.1638888888889,3,256,0,0
2080475084380577152,207.09883101851852,3,256,0,0
2080475909013845888,0.9923958333333334,6,210,0,0
2081865172011516160,0.9890162037037038,3,256,0,0
2081865829154396928,0.9890162037037038,3,256,0,0
2081877270947189376,135.68576388888889,3,256,0,0
2081877408386167680,1.8842592592592593,3,256,0,0
2081877545825154944,1115.9962152777778,3,256,0,0
2081877717623830784,1.8842592592592593,3,256,0,0
2081877717623831424,137.71159722222222,3,256,0,0
2081877786343314432,176.70591435185185,3,256,0,0
2081877816395363456,140.82315972222221,3,256,0,0
2081877820703063808,0.9890162037037038,3,256,0,0
2081877889422566784,1.8842592592592593,3,256,0,0
2081877919474614144,136.68616898148147,3,256,0,0
2081878267379588480,139.70162037037036,3,256,0,0
2081878267381251456,0.9890162037037038,3,256,0,0
2081878473538039168,135.68576388888889,3,256,0,0
2081878507897782528,0.10393518518518519,5,256,0,0
2081878507897784960,138.7304050925926,3,256,0,0
2081878507897786880,0.10393518518518519,7,256,0,0
2081878645336779520,0.10393518518518519,6,256,0,0
2081878778468124416,142.86739583333335,3,256,0,0
2081878885854911104,136.89047453703705,3,256,0,0
2081878885854913664,137.71159722222222,3,256,0,0
2081879023293899520,135.79861111111111,3,256,0,0
2081879538690061184,0.10393518518518519,7,256,0,0
2081879607409534080,135.68576388888889,3,256,0,0
2081879813568030208,137.91590277777777,3,256,0,0
2081879847927756160,1142.860162037037,3,256,0,0
2081880088445929088,138.8432523148148,3,256,0,0
2081880088445931776,0.10393518518518519,7,256,0,0
2081880260244518784,0.10393518518518519,5,256,0,0
2081880328964035328,136.89047453703705,3,256,0,0
2081880397683498368,0.10393518518518519,7,0,1,1
2081880672561399936,135.89006944444444,3,256,0,0
2081880775637432960,141.84858796296297,3,256,0,0
2081880844351972096,142.89541666666668,3,256,0,0
2081880913079644288,0.10393518518518519,5,256,0,0
2081881084878283136,135.89006944444444,3,256,0,0
2081881359756034176,0.8850810185185185,6,256,0,0
2081881565914461056,138.8432523148148,3,256,0,0
2081881699045620992,136.7990162037037,3,256,0,0
2081881703353427456,0.10393518518518519,7,256,0,0
2081881905204354048,0.10393518518518519,8,256,0,0
2081881943871643520,0.10393518518518519,7,8,0,0
2081881978231397248,0.10393518518518519,7,0,1,0
2081882390548181376,176.70591435185185,3,256,0,0
2081882459267654400,135.79861111111111,3,256,0,0
2081882493627397248,1.8842592592592593,4,256,0,0
2081882562346895232,1141.8597569444444,3,256,0,0
2081882837224798976,137.71159722222222,3,256,0,0
2081882871584522496,139.70162037037036,3,256,0,0
2081882940304028032,0.10393518518518519,6,55,0,0
2081883043383255808,26.934930555555557,5,256,0,0
2081883112102764288,0.10393518518518519,7,256,0,0
2081883283901827712,138.7304050925926,3,256,0,0
2081883352621304704,0.10393518518518519,6,256,0,0
2081883386980653184,138.93471064814815,3,256,0,0
2081883455700133760,146.82810185185184,3,256,0,0
2081883696218360448,0.10393518518518519,6,256,0,0
2081883730578112128,142.6911111111111,3,256,0,0
2081883936736540672,0.10393518518518519,6,256,0,0
2081883971096271232,0.10393518518518519,6,6,0,0
2081884314693681408,142.6911111111111,3,256,0,0
2081884623931281024,1.8842592592592593,5,24,0,0
2081884658290989312,142.6911111111111,3,256,0,0
2081884795729972992,136.7990162037037,3,256,0,0
2081884864449429632,139.70162037037036,3,256,0,0
2081884933168896640,0.10393518518518519,7,256,0,0
2081885104967623424,175.7346990740741,3,256,0,0
2081885276766369792,1143.8855902777777,3,256,0,0
2081885311126130432,135.89006944444444,3,256,0,0
2081885448565043584,137.71159722222222,3,256,0,0
2081885581696839552,146.82810185185184,3,256,0,0
2081886891674137728,142.80395833333333,3,256,0,0
2081886891674141952,0.10393518518518519,6,140,0,0
2081887132192285440,1.0004050925925925,4,256,0,0
2081887166552036224,138.93471064814815,3,256,0,0
2081887613228677376,137.82444444444445,3,256,0,0
2081890121489533952,0.10393518518518519,7,256,0,0
2081890155849265024,0.10393518518518519,7,0,1,1
2081890258928513152,138.93471064814815,3,256,0,0
2081890288980930560,146.82810185185184,3,256,0,0
2081890362007685760,142.6911111111111,3,256,0,0
2081890499446664064,136.68616898148147,3,256,0,0
2081891186641405440,0.9890162037037038,5,256,0,0
2081891255360877568,142.86739583333335,3,256,0,0
2081891594650263424,138.93471064814815,3,256,0,0
2081891667677758336,1.8842592592592593,3,256,0,0
2081892011275170560,139.82275462962963,3,256,0,0
2082070544473418880,0.10393518518518519,5,256,0,0
2082070819351324800,174.7158912037037,3,256,0,0
2082070922430542592,0.10393518518518519,7,106,0,0
2082071025509770624,0.10393518518518519,6,256,0,0
2082071089923538176,0.8850810185185185,5,256,0,0
2082071094229260672,139.9059259259259,3,256,0,0
2082071300387670656,0.10393518518518519,7,256,0,0
2082071399161235328,0.9890162037037038,4,256,0,0
2082071403466905600,1.8842592592592593,4,256,0,0
2082071472186382592,142.89541666666668,3,256,0,0
2082071575265552640,138.8432523148148,3,256,0,0
2082071609625295104,1.8842592592592593,3,256,0,0
2082071678344788992,179.69540509259258,3,256,0,0
2082071747064257024,136.89047453703705,3,256,0,0
2082071747064258048,0.10393518518518519,4,256,0,0
2082071781423979648,0.10393518518518519,6,256,0,0
2082072193740880384,0.10393518518518519,7,0,1,1
2082072258154717568,146.82810185185184,3,256,0,0
2082072365539563136,176.70591435185185,3,256,0,0
2082072365539563904,142.6911111111111,3,256,0,0
2082072502978527488,141.84858796296297,3,256,0,0
2082072606057757440,173.69046296296295,3,256,0,0
2082072709136974976,0.9890162037037038,5,256,0,0
2082072984014881024,139.70162037037036,3,256,0,0
2082073018374622208,179.69540509259258,3,256,0,0
2082073190173330176,172.69005787037037,3,256,0,0
2082073224533062656,1116.9966203703705,3,256,0,0
2082073396331762816,1.8842592592592593,3,256,0,0
2082073499410969856,139.9059259259259,3,256,0,0
2082073533770710912,139.70162037037036,3,256,0,0
2082073705569379328,146.82810185185184,3,256,0,0
2082073843008341760,0.10393518518518519,6,256,0,0
2082073980447280768,142.86739583333335,3,256,0,0
2082073980447283712,0.8850810185185185,5,256,0,0
2082074044861182336,0.9890162037037038,4,256,0,0
2082074049166759808,142.89541666666668,3,256,0,0
2082074113580677376,135.79861111111111,3,256,0,0
2082074220965462912,135.68576388888889,3,256,0,0
2082074255325212160,0.10393518518518519,7,256,0,0
2082074908160172032,138.8432523148148,3,256,0,0
2082074942519920768,142.89541666666668,3,256,0,0
2082075079958860288,0.10393518518518519,5,256,0,0
2082075251757564544,173.69046296296295,3,256,0,0
2082075389196532864,0.10393518518518519,5,256,0,0
2082075389196534144,176.70591435185185,3,256,0,0
2082075492275758592,136.7990162037037,3,256,0,0
2082075526635499392,135.68576388888889,3,256,0,0
2082075664074609280,142.6911111111111,3,256,0,0
2082075938952320512,136.89047453703705,3,256,0,0
2082076042031691392,143.8386111111111,3,256,0,0
2082076243884437376,143.8386111111111,3,256,0,0
2082076724920834688,176.70591435185185,3,256,0,0
2082077004104256512,142.89541666666668,3,256,0,0
2082077038463999232,139.82275462962963,3,256,0,0
2082077553860290432,1.8842592592592593,3,256,0,0
2082079203127549568,0.10393518518518519,8,256,0,0
2082079340566507264,142.86739583333335,3,256,0,0
2082079409285982208,139.8144675925926,3,256,0,0
2082080302639174528,142.6911111111111,3,256,0,0
2082087999220609152,135.68576388888889,3,256,0,0
2128015385881451008,766.9782407407407,3,256,0,0
2128016695853799296,93.39949074074075,4,256,0,0
2128020922102070400,0.9923958333333334,7,256,0,0
2128020990821545600,382.0549537037037,3,256,0,0
2128021158320430720,1150.872337962963,3,256,0,0
2128067445187794816,0.9923958333333334,7,0,1,0
2128067823144933376,0.9923958333333334,5,256,0,0
2128067891864407296,382.0549537037037,3,256,0,0
2128069334973424000,20.949930555555557,3,256,0,0
2128093592947472512,0.9923958333333334,5,256,0,0
2128094623739688704,20.949930555555557,3,256,0,0
2128094864257815552,567.2116782407408,3,256,0,0
2128095104776005248,0.9923958333333334,7,256,0,0
2128095620172099072,83.06648148148147,3,256,0,0
2128095654531845504,380.0353935185185,3,256,0,0
2128095723251310464,0.9923958333333334,6,0,1,1
2128096616604445440,289.1638888888889,3,256,0,0
2128097333857245184,113.69934027777778,3,256,0,0
2128097441238130432,0.9923958333333334,6,256,0,0
2128097750468944512,0.9923958333333334,8,256,0,0
2128098261570356992,33.87524305555556,4,256,0,0
2128098295929917440,28.93783564814815,3,256,0,0
2128098849987500160,33.98689814814815,4,256,0,0
2128099502815725952,96.3749074074074,5,256,0,0
2128099640261435008,357.9697800925926,3,256,0,0
2128099880772897280,29.93925925925926,3,256,0,0
2128099983858866816,0.9923958333333334,8,0,1,1
2128100052578340352,771.0014467592592,3,256,0,0
2128100086938058880,113.69934027777778,5,46,0,0
2128101014651067392,33.87524305555556,4,256,0,0
2128101560106699648,20.949930555555557,3,256,0,0
2128101804925014272,207.09872685185186,4,256,0,0
2128101873644507008,24.967418981481483,4,256,0,0
2128101976725587072,0.9923958333333334,6,256,0,0
2128102114162692224,0.9923958333333334,7,12,0,0
2128102526479557248,24.97253472222222,4,256,0,0
2128102698278273536,26.009988425925926,3,256,0,0
2128102801357490048,0.9923958333333334,8,0,1,1
2128102870076957440,408.895,3,256,0,0
2128102938796432768,357.08181712962966,3,256,0,0
2128102938796435712,0.9923958333333334,6,256,0,0
2128103179314615296,208.10015046296297,3,256,0,0
2128103243733956224,1.00875,3,256,0,0
2128103797789896576,380.0353935185185,3,256,0,0
2128103935228838784,24.97253472222222,7,2,0,0
2128104141387274240,1.00875,6,256,0,0
2128104210106765312,740.0247337962963,3,256,0,0
2128104618123369600,26.009988425925926,5,256,0,0
2128105000380699136,1.00875,4,256,0,0
2128105137819634816,27.001469907407408,4,256,0,0
2128105580196046464,39.99619212962963,5,256,0,0
2128105584489662720,1.00875,5,256,0,0
2128105584496253824,24.967418981481483,5,256,0,0
2128105996813096832,24.967418981481483,3,256,0,0
2128106477849445376,1.00875,5,256,0,0
2128106576634345216,0.9923958333333334,5,256,0,0
2128106649641603072,825.8440972222222,3,256,0,0
2128106851506362624,0.9898842592592593,6,0,1,1
2128106993240318976,683.1520833333333,3,256,0,0
2128107027605284736,29.975289351851853,4,256,0,0
2128107474281894784,20.949930555555557,5,256,0,0
2128107779219553280,27.001469907407408,4,256,0,0
2128108058390893312,382.0549537037037,3,256,0,0
2128108195836395136,23.92996527777778,4,256,0,0
2128108436354871936,0.9923958333333334,7,256,0,0
2128108470714617472,26.009988425925926,4,256,0,0
2128108539434096256,0.9923958333333334,6,4,0,0
2128108573793839232,28.93783564814815,3,256,0,0
2128108573793840000,33.98689814814815,4,256,0,0
2128108642513343104,361.1050231481481,3,256,0,0
2128108706932566272,683.1520833333333,3,256,0,0
2128108745594158080,207.09872685185186,5,256,0,0
2128108951750966528,564.2263194444445,3,256,0,0
2128108951750969088,382.0549537037037,3,256,0,0
2128109089189944448,28.93783564814815,4,256,0,0
2128109123549687680,1627.377013888889,3,256,0,0
2128109329707612288,329.1600810185185,3,256,0,0
2128109570227736320,0.9923958333333334,6,256,0,0
2128110257413561984,0.9923958333333334,6,0,1,1
2128110635377654272,294.1306134259259,3,256,0,0
2128110772816892032,92.39806712962962,4,256,0,0
2128111391291955456,26.009988425925926,3,256,0,0
2128111627508735488,0.9923958333333334,6,256,0,0
2128111700529585024,1.00875,4,256,0,0
2128111837968551808,0.9923958333333334,6,256,0,0
2128111941047797632,23.92996527777778,3,256,0,0
2128112009767272704,91.40818287037037,3,256,0,0
2128112078486764160,238.0754398148148,3,256,0,0
2128112181565948800,238.0754398148148,3,256,0,0
2128112383423070592,684.1534027777777,3,256,0,0
2128112765681767296,361.1050231481481,3,256,0,0
2128112933178882304,212.1067013888889,3,256,0,0
2128112937480464000,28.93783564814815,3,256,0,0
2128113074919432320,0.9923958333333334,6,19,0,0
2128113177998678272,295.1731828703704,3,256,0,0
2128113212358408192,114.68922453703703,4,256,0,0
2128113418510927360,146.92855324074074,4,256,0,0
2128113418516832896,1.00875,4,256,0,0
2128113517294528512,0.9923958333333334,6,29,0,0
2128113727748208768,0.9923958333333334,6,256,0,0
2128113727754388736,33.87524305555556,3,256,0,0
2128114552388131200,359.08546296296294,3,256,0,0
2128114758546516480,39.99619212962963,3,256,0,0
2128114792906267648,26.009988425925926,3,256,0,0
2128115647598287488,261.6177777777778,3,256,0,0
2128115789338739328,33.87524305555556,4,256,0,0
2128115961131419136,0.9923958333333334,5,256,0,0
2128115961137430528,357.08181712962966,3,256,0,0
2128115995497184384,1.00875,6,16,0,0
2128116098576364928,28.93783564814815,4,256,0,0
2128116098576365568,83.06648148148147,3,256,0,0
2128116201655609984,115.69054398148148,4,256,0,0
2128116266073586688,132.39425925925926,4,256,0,0
2128116540951535744,683.1520833333333,3,256,0,0
2128116751405555968,0.9923958333333334,6,256,0,0
2128116923210078848,294.1306134259259,3,256,0,0
2128117026289322112,114.70065972222223,3,256,0,0
2128117090707340416,1.00875,5,256,0,0
2128117095008800384,289.1638888888889,4,256,0,0
2128118057081550464,30.976712962962964,4,256,0,0
2128118362018716672,26.009988425925926,4,256,0,0
2128118499457872640,1150.872337962963,3,256,0,0
2128118572477647360,23.92996527777778,3,256,0,0
2128118778636074240,764.9921527777777,3,256,0,0
2128118881715293440,1.00875,4,256,0,0
2128119087873694208,27.001469907407408,3,256,0,0
2128119087873695232,382.0549537037037,3,256,0,0
2128119190952918016,29.975289351851853,3,256,0,0
2128119190952920192,294.1306134259259,3,256,0,0
2128119568910037632,0.9923958333333334,4,256,0,0
2128119878147692160,97.36479166666666,4,256,0,0
2128120221745116416,0.9923958333333334,6,3,0,0
2128120256104862464,737.0389814814815,3,256,0,0
2128120256104865536,359.08546296296294,3,256,0,0
2128120286164390400,1.00875,3,256,0,0
2128120324824363136,30.976712962962964,3,256,0,0
2128120359184082944,97.41747685185184,6,256,0,0
2128120393543835648,0.9923958333333334,6,256,0,0
2128120393543837184,33.87524305555556,4,256,0,0
2128120565342516736,92.39806712962962,5,256,0,0
2128120634061986560,380.0353935185185,3,256,0,0
2128120668421736832,30.976712962962964,3,256,0,0
2128120702781492352,38.99476851851852,3,256,0,0
2128121080733055104,380.0353935185185,3,256,0,0
2128121080738610176,207.09883101851852,3,256,0,0
2128121286891350656,0.9923958333333334,6,256,0,0
2128121385676132736,145.9272337962963,5,256,0,0
2128121458695701888,113.69934027777778,6,0,1,1
2128121493055452800,29.93925925925926,3,256,0,0
2128121493055456512,92.40960648148148,3,256,0,0
2128121561774912128,208.10015046296297,3,256,0,0
2128121664854134144,26.009988425925926,5,256,0,0
2128121802293106048,30.976712962962964,4,256,0,0
2128121836652852864,357.08181712962966,3,256,0,0
2128121901072299904,0.9923958333333334,6,256,0,0
2128121935432044288,114.70065972222223,3,256,0,0
2128121974091822208,0.9923958333333334,5,256,0,0
2128121974091825280,30.976712962962964,3,256,0,0
2128122004151549184,710.1535532407407,3,256,0,0
2128122111525188096,20.949930555555557,5,256,0,0
2128122248964213632,378.03174768518517,4,256,0,0
2128122248969727360,26.009988425925926,3,256,0,0
2128122420768297216,0.9923958333333334,6,256,0,0
2128122730005939584,0.9923958333333334,6,243,0,0
2128122867439085440,0.9923958333333334,6,256,0,0
2128123073603373952,145.9272337962963,3,256,0,0
2128123211042311552,114.70065972222223,3,256,0,0
2128123485920186112,382.0549537037037,3,256,0,0
2128123520279912320,382.9652199074074,3,256,0,0
2128123554639659392,38.99476851851852,3,256,0,0
2128123692072778624,797.8527430555556,3,256,0,0
2128123726438336000,29.975289351851853,3,256,0,0
2128123760799115776,29.975289351851853,3,256,0,0
2128124585431880704,83.06648148148147,3,256,0,0
2128124929029257728,83.06648148148147,4,256,0,0
2128124963389009792,1.00875,7,256,0,0
2128125135187725696,0.9923958333333334,6,256,0,0
2128125135187726080,247.09491898148147,3,256,0,0
2128125165246890880,24.97253472222222,5,5,0,0
2128125375705878528,27.001469907407408,7,0,1,1
2128125577563746304,361.1050231481481,3,256,0,0
2128125856742195456,0.9923958333333334,7,256,0,0
2128126165979845376,20.949930555555557,3,256,0,0
2128126436558091776,537.224849537037,3,256,0,0
2128126509578874624,382.0549537037037,3,256,0,0
2128126647016213248,39.99619212962963,3,256,0,0
2128127196771758208,361.1050231481481,3,256,0,0
2128127506009807232,0.9923958333333334,7,5,0,0
2128127849606776704,378.03174768518517,3,256,0,0
2128127883966516608,146.92855324074074,4,256,0,0
2128128124484679168,0.9923958333333334,7,256,0,0
2128128261923639424,1.00875,4,256,0,0
2128128296283380480,30.976712962962964,5,211,0,0
2128128326343141760,27.001469907407408,3,256,0,0
2128128360702575616,289.1638888888889,3,256,0,0
2128129086557384704,294.1306134259259,3,256,0,0
2128129292715809920,359.08546296296294,3,256,0,0
2128129498874247168,97.36479166666666,4,256,0,0
2128129842471629440,1.00875,7,2,0,1
2128130048630053888,564.2263194444445,4,76,0,0
2128130048630054784,382.0549537037037,3,256,0,0
2128130082989794048,564.2263194444445,3,256,0,0
2128130117349530368,38.99476851851852,3,256,0,0
2128130323508364416,357.08181712962966,3,256,0,0
2128130529666798336,382.0549537037037,3,256,0,0
2128130632746046592,24.97253472222222,3,256,0,0
2128130701465518976,28.93783564814815,4,256,0,0
2128130735825267200,26.009988425925926,3,256,0,0
2128130838905961344,0.9923958333333334,5,256,0,0
2128131182501394688,0.9923958333333334,7,2,0,0
2128131251221231360,29.975289351851853,6,256,0,0
2128131285582429568,348.95030092592594,3,256,0,0
2128131319940725504,0.9923958333333334,7,256,0,0
2128131526099131776,39.99619212962963,4,256,0,0
2128131663532747904,27.001469907407408,4,256,0,0
2128131697897858816,115.69054398148148,5,256,0,0
2128131938416046336,27.001469907407408,5,256,0,0
2128131972770439808,0.9923958333333334,4,256,0,0
2128132007135507456,23.92996527777778,3,256,0,0
2128132075854975232,0.9923958333333334,8,0,1,0
2128132075854976896,33.87524305555556,3,256,0,0
2128132110214728832,20.949930555555557,3,256,0,0
2128132243353007232,30.976712962962964,3,256,0,0
2128132247653628544,361.1050231481481,3,256,0,0
2128132282013368960,145.9272337962963,4,256,0,0
2128132316373102208,20.949930555555557,5,256,0,0
2128132385092596352,1.0425694444444444,4,256,0,0
2128132419452342912,20.949930555555557,3,256,0,0
2128132556891271168,0.9923958333333334,6,256,0,0
2128132586950838912,260.62789351851853,3,256,0,0
2128132621310122880,97.41747685185184,5,256,0,0
2128132758749075456,82.06516203703704,5,256,0,0
2128132930547764992,359.08546296296294,3,256,0,0
2128133067986720896,361.1050231481481,3,256,0,0
2128133450244552704,975.0792939814814,3,256,0,0
2128133450244555392,361.1050231481481,3,256,0,0
2128133518964044032,683.1520833333333,3,256,0,0
2128133622044757760,1.00875,6,256,0,0
2128133793841949440,20.949930555555557,3,256,0,0
2128133896921176576,0.9923958333333334,6,209,0,0
2128133896921177600,114.68922453703703,4,256,0,0
2128134171799078144,0.9923958333333334,6,256,0,0
2128134442376853120,710.1535532407407,3,256,0,0
2128134579815858048,27.001469907407408,4,256,0,0
2128134584115918336,378.03174768518517,3,256,0,0
2128134824634071424,0.9923958333333334,7,256,0,0
2128134893353563904,213.10802083333334,3,256,0,0
2128135133866662272,0.9923958333333334,7,256,0,0
2128135404451469440,1.0425694444444444,7,4,0,0
2128135408749666304,114.70065972222223,3,256,0,0
2128135408750445056,0.9923958333333334,7,121,0,0
2128135438808651008,20.949930555555557,4,256,0,0
2128135541888385152,114.68922453703703,4,256,0,0
2128136095944021120,20.949930555555557,4,256,0,0
2128136095944021248,29.93925925925926,3,256,0,0
2128136370822408576,0.9923958333333334,6,256,0,0
2128136611340599168,97.41747685185184,3,256,0,0
2128137573413245568,30.976712962962964,3,256,0,0
2128137642132747008,38.99476851851852,3,256,0,0
2128137676493142272,0.9923958333333334,7,256,0,0
2128138054451042176,145.9272337962963,3,256,0,0
2128138088809362048,29.93925925925926,4,256,0,0
2128138260608070144,567.2116782407408,3,256,0,0
2128138844723598464,260.62789351851853,3,256,0,0
2128138947802822400,383.97976851851854,3,256,0,0
2128139016522313216,30.976712962962964,3,256,0,0
2128139149666352256,0.9923958333333334,8,256,0,0
2128139153956421632,767.980462962963,3,256,0,0
2128139222680718208,38.99476851851852,3,256,0,0
2128139291400212864,114.70065972222223,3,256,0,0
2128139531918403456,0.9923958333333334,5,256,0,0
2128139600637877120,1.00875,6,12,0,0
2128139703717086720,27.001469907407408,3,256,0,0
2128139703717089152,1279.1973032407407,3,256,0,0
2128139703717089920,359.08546296296294,3,256,0,0
2128140146092810368,29.975289351851853,3,256,0,0
2128140219113783168,361.1050231481481,3,256,0,0
2128140219113783296,0.9923958333333334,8,2,0,1
2128140253472804736,978.1001736111111,3,256,0,0
2128140352251239808,20.949930555555557,4,256,0,0
2128140425271501824,207.09883101851852,3,256,0,0
2128140665791147520,0.9923958333333334,5,256,0,0
2128141112466248576,384.0026736111111,4,256,0,0
2128141417403122944,83.06648148148147,4,256,0,0
2128141593502618496,26.009988425925926,4,256,0,0
2128141662222089216,0.9923958333333334,5,256,0,0
2128141696581841536,39.99619212962963,4,256,0,0
2128142413835532928,38.99476851851852,4,256,0,0
2128142413836624768,683.1520833333333,3,256,0,0
2128142830453283200,0.9923958333333334,6,0,1,1
2128143169751179904,295.1731828703704,4,256,0,0
2128143311489560192,29.93925925925926,3,256,0,0
2128143792525938432,29.975289351851853,3,256,0,0
2128143826885684864,0.9923958333333334,5,63,0,0
2128144204842804992,0.9923958333333334,6,256,0,0
2128144376641264768,683.1520833333333,3,256,0,0
2128144651519171968,93.39949074074075,4,256,0,0
2128144823317868288,0.9923958333333334,6,256,0,0
2128144857677611264,359.08546296296294,3,256,0,0
2128145166915272832,359.08546296296294,3,256,0,0
2128145166915275392,24.97253472222222,5,256,0,0
2128145201275015296,0.9923958333333334,6,256,0,0
2128145368773804288,0.9923958333333334,6,256,0,0
2128145471852927232,146.92855324074074,3,256,0,0
2128145544872361984,60.87671296296296,7,0,1,1
2128145716671044352,357.08181712962966,3,256,0,0
2128145819751144704,23.92996527777778,3,256,0,0
2128145957189232256,23.92996527777778,3,256,0,0
2128146025908733568,710.1535532407407,3,256,0,0
2128146335146361856,121.34744212962963,5,47,0,0
2128146472585332096,38.99476851851852,3,256,0,0
2128146541304841088,357.08181712962966,3,256,0,0
2128146575664591872,1423.0939814814815,3,256,0,0
2128146610024321152,33.98689814814815,3,256,0,0
2128147121119697024,24.97253472222222,4,256,0,0
2128147400298334592,27.001469907407408,5,256,0,0
2128147812615179776,115.69054398148148,3,256,0,0
2128147915694359168,237.0379861111111,5,256,0,0
2128147980119157760,0.9923958333333334,7,256,0,0
2128148190572304128,20.949930555555557,3,256,0,0
2128148461150601472,1.00875,4,256,0,0
2128148568529428352,378.03174768518517,3,256,0,0
2128148568529429120,1.00875,6,256,0,0
2128148671608654720,1152.8846527777778,3,256,0,0
2128148774687757952,96.3749074074074,5,256,0,0
2128149049565656320,768.9818865740741,3,256,0,0
2128149217064678144,0.9923958333333334,5,256,0,0
2128149874199376896,0.9923958333333334,6,256,0,0
2128150114717524992,28.93783564814815,3,256,0,0
2128150836272089216,0.9923958333333334,7,0,1,1
2128150904991561856,29.975289351851853,3,256,0,0
2128151351669745536,0.9923958333333334,7,256,0,0
2128151386027954176,24.967418981481483,3,256,0,0
2128151484807687808,0.9923958333333334,4,256,0,0
2128151660905893504,403.8871296296296,3,256,0,0
2128151867059090304,27.001469907407408,3,256,0,0
2128151965844220160,731.0052546296296,3,256,0,0
2128152588618795648,29.975289351851853,3,256,0,0
2128152691698580608,1.00875,4,256,0,0
2128153000936225280,20.949930555555557,3,256,0,0
2128153069655706752,289.1638888888889,3,256,0,0
2128153202794448128,0.9923958333333334,6,256,0,0
2128153305873743744,0.9923958333333334,5,256,0,0
2128153481972048128,26.009988425925926,3,256,0,0
2128153619411014400,0.9923958333333334,6,256,0,0
2128153649471265920,0.9923958333333334,5,256,0,0
2128153688130516992,27.001469907407408,4,256,0,0
2128154134807134720,29.975289351851853,3,256,0,0
2128154306600654848,710.1535532407407,3,256,0,0
2128154615843411328,29.93925925925926,3,256,0,0
2128154993800574592,33.87524305555556,3,256,0,0
2128155195658191104,96.3749074074074,3,256,0,0
2128155646635635712,39.99619212962963,4,256,0,0
2128156299470704128,0.9923958333333334,6,0,1,1
2128157845658813440,0.9923958333333334,6,256,0,0
2128157914378846720,0.9923958333333334,7,256,0,0
2128158051817817600,33.98689814814815,3,256,0,0
2128158120536756224,27.001469907407408,4,256,0,0
2128158391113854336,295.1731828703704,3,256,0,0
2128158395415226752,0.9923958333333334,6,0,1,1
2128158842091790336,739.0426273148148,3,256,0,0
2128159804164528256,212.1067013888889,4,256,0,0
2128160624496841216,97.36479166666666,3,256,0,0
2128162793460775936,20.949930555555557,3,256,0,0
2128163029676990848,83.06648148148147,3,256,0,0
2128163102698388352,0.9923958333333334,6,256,0,0
2128163274497091328,0.9923958333333334,6,256,0,0
2128163686813965568,359.0072337962963,3,256,0,0
2128163996051614080,260.62789351851853,3,256,0,0
2128164202210067200,295.1731828703704,3,256,0,0
2128164717606184832,0.9923958333333334,5,256,0,0
2128164855045149824,0.9923958333333334,6,256,0,0
2128164889404883072,384.0026736111111,3,256,0,0
2128164889404884352,20.949930555555557,4,256,0,0
2128164923758667904,113.69934027777778,3,256,0,0
2128164923764629248,30.976712962962964,3,256,0,0
2128165297420351744,0.9923958333333334,7,256,0,0
2128166298154150656,33.87524305555556,3,256,0,0
2128167397665708928,382.9371990740741,3,256,0,0
2128168256659148032,0.9923958333333334,5,256,0,0
2128168565896833664,83.06648148148147,5,256,0,0
2128168703335801088,261.6177777777778,3,256,0,0
2128169184372152320,115.69054398148148,3,256,0,0
2128169218731896960,20.949930555555557,3,256,0,0
2128169287451373440,38.99476851851852,3,256,0,0
2128169699768179456,97.36479166666666,3,256,0,0
2128171314676016896,35.029467592592596,3,256,0,0
2128171349035744512,537.224849537037,3,256,0,0
2128171452114982016,1.00875,7,256,0,0
2128171933151259648,762.9725925925926,4,256,0,0
2128172306810473728,0.9923958333333334,5,256,0,0
2128172787845115392,0.9923958333333334,5,256,0,0
2128173032662959232,0.9923958333333334,7,0,1,1
2128174097814830848,0.9923958333333334,6,256,0,0
2128174407053036928,38.99476851851852,3,256,0,0
2128174608911452544,824.854212962963,4,256,0,0
2128174681930977152,480.3546759259259,4,256,0,0
2128174956804974848,824.854212962963,3,256,0,0
2128175055588230016,27.001469907407408,3,256,0,0
2128175094247847680,35.029467592592596,5,256,0,0
2128175128606916096,29.975289351851853,3,256,0,0
2128175334765924608,237.0379861111111,4,256,0,0
2128175369125668992,82.06516203703704,3,256,0,0
2128176159399665792,771.0014467592592,4,256,0,0
2128177121472317184,1.00875,5,9,0,0
2128177258911286656,0.9898842592592593,3,256,0,0
2128177499429500672,0.9923958333333334,5,185,0,0
2128197393717509504,567.2116782407408,3,256,0,0
2128197668595455360,27.001469907407408,6,256,0,0
2128198012193387008,23.92996527777778,3,256,0,0
2128198046553137664,0.9923958333333334,6,129,0,0
2128198321431008896,361.1050231481481,3,256,0,0
2128198527589437696,1.00875,5,256,0,0
2128198626368838528,798.8426273148148,3,256,0,0
2128198630664893952,1.00875,5,256,0,0
2128198836827103616,1.00875,7,256,0,0
2128199111705008384,29.93925925925926,3,256,0,0
2128199901979088896,6.009293981481481,4,256,0,0
2128201207649151872,207.09872685185186,3,256,0,0
2128201516886658816,731.0052546296296,3,256,0,0
2128513915626285184,35.029467592592596,4,256,0,0
2128514053065222144,329.1600810185185,3,256,0,0
2128514946418416128,798.8426273148148,4,256,0,0
2128515255656061696,357.08181712962966,3,256,0,0
2128515496174251008,361.1050231481481,3,256,0,0
2128519310105184512,294.1306134259259,3,256,0,0
2128519688062306816,29.975289351851853,3,256,0,0
2128519756781782784,24.97253472222222,4,256,0,0
